Encuestadora,Registrada Consejo Nacional Electoral,Fecha de publicación,Fecha de campo,Vuelta,Temporalidad,Tamaño de muestra,Margen de error,Gustavo Petro,Federico Gutiérrez,Rodolfo Hernández,Sergio Fajardo,Enrique Gómez,Íngrid Betancourt,John Milton Rodríguez,Luis Pérez,Otro,Blanco,Ninguno,No sabe/No responde,Suma,Total válidos,Fuente,Recolección,Ponderación metodología,Representatividad,Ficha metodológica,Archivo,Indecisos,Participación,Observaciones,Cumple criterios
Atlas Intel,"No, internacional",20/5/2022,20/5/2022,Primera vuelta,Post consulta interpartidista,2781,"2,00%","40,00%","26,70%","21,40%","8,80%",,"0,20%",,,,,,"3,00%","100,10%","96,90%",https://atlasintel.org/poll/colombia-national-2022-05-20,Cuestionario estructurado web,"25,00%","85,00%","▪ EMPRESA QUE REALIZÓ LA ENCUESTA: ATLASINTEL INC. 
▪ PERSONA NATURAL O JURÍDICA QUE LA ENCOMENDÓ: ATLASINTEL INC. 
▪ FUENTE DE FINANCIACIÓN: ATLASINTEL INC. 
▪ UNIVERSO: Población nacional adulta presente en el territorio durante las fechas de realización de la encuesta.
▪ MARCO MUESTRAL: Proyecciones a 2022 del Censo Nacional discriminado por municipios, sexo, edad y nivel socioeconómico. 
▪ TAMAÑO Y DISTRIBUCIÓN DE LA MUESTRA: Se realizaron 2781 encuestas distribuidas en 450 municipios: Abejorral, Abrego, Acacías, Agua de Dios, Aguachica, Aguada, Agustín Codazzi, Albán, Alcalá, Alejandría, Algeciras, Alpujarra, 
Alvarado, Amagá, Amalfi, Ambalema, Anapoima, Andalucía, Andes, Anolaima, Anorí, Anserma, Anzoátegui, Apartadó, Apía, Aquitania, Aratoca, Arauca, Arbeláez, Arcabuco, Arjona, Armenia, Armero, Astrea, Atrato, Ayapel, Bagadó, 
Baranoa, Baraya, Barichara, Barrancabermeja, Barrancas, Barranco de Loba, Barranco Minas (CD), Barranquilla, Belalcázar, Belén, Bello, Beltrán, Betéitiva, Betulia, Boavita, Bogotá, D.C., Bojacá, Bojaya, Bolívar, Bosconia, Boyacá, 
Bucaramanga, Buenaventura, Buenavista, Buesaco, Cachirá, Caicedonia, Cajamarca, Cajicá, Calarca, Caldas, Cali, California, Caloto(1)(3), Candelaria, Caqueza, Caracolí, Carcasí, Carepa, Cartagena, Cartagena del Chairá, Cartago, Castilla la 
Nueva, Caucasia, Cereté, Cerro San Antonio, Chachagüí, Chaparral, Charalá, Charta, Chía, Chigorodó, Chimá, Chimichagua, Chinchiná, Chinú, Chipaque, Chiquinquirá, Chiriguaná, Chitagá, Chitaraque, Chivolo, Chivor, Choachí, Cicuco, 
Ciénaga, Ciénaga de Oro, Ciénega, Cimitarra, Circasia, Cocorná, Cogua, Colombia, Concepción, Condoto, Córdoba, Corozal, Cota, Cotorra, Coveñas, Cúcuta, Cumaral, Cumbal, Curumaní, Dabeiba, Distracción, Dolores, Dosquebradas, 
Duitama, Durania, El Águila, El Banco, El Carmen de Bolívar, El Carmen de Chucurí, El Carmen de Viboral, El Cerrito, El Dovio, El Guamo, El Paujil, El Peñol, El Retén, El Rosal, El Santuario, Envigado, Espinal, Facatativá, Firavitoba, Flandes, 
Florencia, Florián, Florida, Floridablanca, Fonseca, Fosca, Fresno, Frontino, Fuente de Oro, Fundación, Funza, Fúquene, Fusagasugá, Gachala, Gachancipá, Gachantivá, Gachetá, Galán, Galapa, Gamarra, Garagoa, Ginebra, Girardot, 
Girardota, Girón, Gramalote, Granada, Guacarí, Guadalajara de Buga, Guadalupe, Guaduas, Guaitarilla, Guapi, Guapotá, Guaranda, Guarne, Guateque, Guática, Guavatá, Guayabal de Siquima, Hatillo de Loba, Hatonuevo, Honda, Ibagué, 
Ipiales, Itagui, Jamundí, Jardín, Jerusalén, Juan de Acosta, La Apartada, La Calera, La Ceja, La Cruz, La Dorada, La Esperanza, La Estrella, La Florida, La Jagua de Ibirico, La Mesa, La Montañita, La Paz, La Plata, La Primavera, La Tebaida, La 
Unión, La Uvita, La Vega, La Virginia, Labranzagrande, Landázuri, Lejanías, Lérida, Leticia, Linares, Lorica, Los Córdobas, Los Palmitos, Los Patios, Luruaco, Maceo, Madrid, Magangué, Maicao, Majagual, Malambo, Manatí, Manizales, 
Manzanares, Margarita, María La Baja, Marinilla, Mariquita, Marquetalia, Marsella, Medellín, Melgar, Mercaderes, Mesetas, Miraflores, Miranda, Mistrató, Mocoa, Moniquirá, Moñitos, Montelíbano(1)(3), Montenegro, Montería, Monterrey, 
Morroa, Mosquera, Neira, Neiva, Nemocón, Nobsa, Nocaima, Nóvita, Nuevo Colón, Obando, Ocaña, Oiba, Oporapa, Ovejas, Pácora, Paez, Páez, Pailitas, Paime, Paipa, Pajarito, Palermo, Palestina, Palmar de Varela, Palmira, Pamplona, 
Pamplonita, Pandi, Páramo, Pasto, Patía, Pedraza, Pelaya, Pensilvania, Pereira, Pesca, Piedecuesta, Pital, Pitalito, Planeta Rica, Plato, Popayán, Pradera, Pueblo Nuevo, Puerres, Puerto Asís, Puerto Boyacá, Puerto Carreño, Puerto Colombia, 
Puerto Escondido, Puerto Gaitán, Puerto López, Puerto Rondón, Puerto Tejada, Puerto Triunfo, Puracé, Purificación, Quetame, Quibdó, Quimbaya, Remedios, Restrepo, Retiro, Riohacha, Rionegro, Riosucio, Rivera, Roldanillo, Roncesvalles, 
Sabanalarga, Sabanas de San Angel, Sabaneta, Sáchica, Saldaña, Salento, Samaniego, Sampués, San Agustín, San Alberto, San Andrés, San Andres de Tumaco, San Antero, San Benito Abad, San Carlos, San Cristóbal, San Estanislao, San 
Francisco, San Gil, San José del Guaviare, San José del Palmar, San Juan de Arama, San Juan de Río Seco, San Juan del Cesar, San Juan Nepomuceno, San Juanito, San Lorenzo, San Marcos, San Martín, San Martín de Loba, San Pedro, San 
Pedro de Uraba, San Vicente de Chucurí, San Vicente del Caguán, San Zenón, Santa Bárbara de Pinto, Santa Catalina, Santa Isabel, Santa Marta, Santa Rosa, Santa Rosa de Cabal, Santa Rosa de Viterbo, Santa Rosa del Sur, Santa Sofía, 
Santafé de Antioquia, Santander de Quilichao, Santiago, Santo Domingo, Santo Tomás, Santuario, Sapuyes, Saravena, Sardinata, Sevilla, Siachoque, Sibaté, Sincelejo, Sipí, Soacha, Socorro, Sogamoso, Soledad, Sonson, Soplaviento, Sopó, 
Sotaquirá, Suaita, Suaza, Subachoque, Suesca, Supía, Sutamarchán, Tabio, Tadó, Tamalameque, Tame, Tangua, Tarqui, Tauramena, Tello, Tena, Tenjo, Tibú, Tierralta, Timaná, Tocaima, Tocancipá, Tona, Toro, Totoró, Tuluá, Tunja, 
Túquerres, Turbaco, Turbaná, Turbo, Umbita, Uribe, Urrao, Útica, Valle de San Juan, Valledupar, Valparaíso, Venadillo, Ventaquemada, Vianí, Villa de Leyva, Villa de San Diego de Ubate, Villa del Rosario, Villa Rica, Villagarzón, Villamaría, 
Villanueva, Villarrica, Villavicencio, Villavieja, Villeta, Viterbo, Yarumal, Yondó, Yopal, Yotoco, Yumbo, Zapatoca, Zaragoza, Zipaquirá, Zona Bananera
▪ SISTEMA DE MUESTREO: reclutamiento digital aleatorio con postestratificación muestral
▪ MARGEN DE ERROR: +/- 2% para el total de la muestra
▪ TÉCNICA DE RECOLECCIÓN DE DATOS: cuestionario estructurado web.
▪ FECHA DE RECOLECCIÓN DE LOS DATOS: del 17 al 20 de mayo de 2022.
▪ MÉTODO DE VALIDACIÓN: se revisó el 100% de las encuestas realizadas.",2022.05.22_Atlas CO 2022 Nacional 052222,,,,Si
CELAG,"No, internacional",21/5/2022,20/5/2022,Primera vuelta,Post consulta interpartidista,2174,"2,10%","45,10%","20,10%","20,40%","4,90%",,,,,"1,30%","3,60%","1,40%","3,20%","100,00%","94,10%",https://www.celag.org/wp-content/uploads/2022/05/informe-colombia-mayo-22-v3.pdf,Presencial,"75,00%","56,10%","Universo de estudio: Hombres y mujeres colombianos mayores de 18 años y con predisposición a votar en las próximas elecciones presidenciales. • Tipo de estudio: Cuantitativo. Entrevistas personales cara a cara, con cuestionario aplicado mediante el uso de dispositivos móviles. • Diseño muestral: Muestra nacional de población urbana y rural estratificada por región, departamento y localidad. Se establecieron seis regiones geográficas (Bogotá, Caribe, Centro, Antioquía, Pacífico y Orinoquía). En esas regiones se seleccionaron los 22 departamentos más poblados. Y en esos departamentos se seleccionó una muestra de 45 localidades de distinto tamaño, incluyendo capitales de departamento, las ciudades más pobladas y poblaciones rurales. Bogotá fue dividida en cuatro áreas diferentes (Norte, Oriente, Occidente y Sur).
• Ponderación de resultados: Se fijaron tamaños de muestra desproporcionados para algunas regiones a fines de mejorar su representatividad. Las proporciones poblacionales fueron posteriormente restablecidas aplicando factores de ponderación. Para la estratificación regional se utilizaron datos de la distribución del padrón electoral de las últimas elecciones legislativas y para la estratificación socioeconómica, se utilizaron datos provenientes del censo 2018 y sus proyecciones poblacionales. • Tamaño de la muestra: 2.174 casos totales efectivos. • Parámetros sociodemográficos El perfil de la muestra no registra sesgos para la principales variables sociodemográficas (género, edad, estrato económico y zona geográfica).
• Control de calidad: Todas las etapas de la investigación se desarrollan cumpliendo la revisión del 100% de las encuestas realizadas y supervisión telefónica del 15% de las mismas. • Margen de error: El margen de error para el total de la muestra oscila entre +/- 0,9% y +/- 2,1%, de acuerdo a la dispersión de la distribución, con un 95% de intervalo de confianza.
• Fecha de trabajo de campo: Del 16 al 20 de mayo de 2022.",2022.05.20_Celag_informe-colombia-mayo-22-v3,,,,Si
Guarumo & EcoAnalítica,SI,19/5/2022,19/5/2022,Primera vuelta,Post consulta interpartidista,2258,"2,50%","37,90%","30,80%","20,30%","4,30%","0,50%","0,80%","0,80%","0,00%",,"2,40%",,"2,20%","100,00%","97,00%",https://www.elcolombiano.com/colombia/petro-va-a-segunda-vuelta-con-fico-gutierrez-y-rodolfo-hernandez-queda-de-tercero-por-encima-de-fajardo-encuesta-2022-HH17546427,Presencial,"75,00%","51,80%","Universo de Estudio Hombres y mujeres colombianos mayores de 18 años, residentes en Colombia,  exceptuando a los denominados antiguos territorios nacionales y el archipiélago de San Andrés, que expresaron intención de votar en las próximas elecciones presidenciales. Diseño de la muestra El diseño de la muestra es probabilístico. Tamaño de la Muestra 2.258 encuestas Técnica de Recolección Encuesta presencial. Fecha de Recolección Del 16 al 19 de mayo de 2022. Personajes por quienes se indagó Remitirse al formulario de recolección. Margen de error El margen de error es del 2,5% con un 95% de confianza. Distribución de la muestra Las encuestas se realizaron en los siguientes municipios: Acacias (52), Argelia (33), Barranquilla (114), Bello (53), Bogotá D.C (254), Bucaramanga (101), Buenaventura (82), Cali (127), Cartagena (103), Cúcuta (53), Dosquebradas (32), Duitama (31) Floridablanca
(51), Girón (38), Ipiales (45), Jamundí (61), Maicao (47), Manizales (77), Medellín (171),
Pamplona (43), Pasto (57), Pereira (69), Popayán (67), Riohacha (68), Soacha (76),
Sogamoso (44), Soledad (75), Tunja (48), Turbaco (39), Uribía (37), Villavicencio (65),
Viotá (45). Marcos muestrales Municipios Censo de Población Nacional. Preguntas concretas que se formularon Remitirse al formulario de recolección. Estadístico Gustavo Romero Cruz
0

",2022.05.19_Guarumo,,"67,80%",,Si
CNC,SI,19/5/2022,19/5/2022,Primera vuelta,Post consulta interpartidista,3860,"1,50%","35,80%","20,80%","19,10%","4,00%","0,30%","0,60%","1,00%",,"0,30%","5,70%","2,50%","9,90%","100,00%","86,70%",https://www.semana.com/nacion/articulo/federico-gutierrez-y-rodolfo-hernandez-practicamente-empatados-en-primera-vuelta-encuesta-del-cnc/202202/,86% presencial y 14% telefonico,"71,50%","69,06%","PERSONA NATURAL O JURÍDICA QUE LA REALIZÓ: Centro Nacional de Consultoría S.A.
PERSONA NATURAL O JURÍDICA QUE LA 
ENCOMENDÓ: Revista Semana
FUENTE DE FINANCIACIÓN: Revista Semana
UNIVERSO EN ESTUDIO:
Mujeres y hombres mayores de 18 años, residentes en los municipios de Colombia y con intención de votar en las próximas elecciones presidenciales.
Como mecanismo de estratificación estadística se establecieron 6 regiones geográficas de la siguiente manera: (1) Antioquia +Eje Cafetero: Antioquia,
Caldas, Quindío y Risaralda; (2) Bogotá: Bogotá D. C.; (3) Caribe: Atlántico, Bolívar, Cesar, Córdoba, La Guajira, Magdalena, Sucre, San Andrés y
Providencia; (4) Centroriente: Boyacá, Cundinamarca, Norte de Santander, Santander, Arauca y Casanare; (5) Centrosur: Huila, Tolima, Meta, Caquetá y
Putumayo y (6) Pacífico: Cauca, Chocó, Nariño y Valle del Cauca
DISEÑO DE MUESTREO:
El diseño de muestreo es probabilístico, en cuatro etapas y estratificado con selección de muestras aleatorias simples de unidades estadísticas en cada
etapa.
En la primera etapa de muestreo se realizó una selección de municipios dentro de cada región geográfica (estrato estadístico), considerando a Bogotá,
Medellín, Cali, Barranquilla, Cartagena, Bucaramanga, Ibagué, Villavicencio y Cúcuta como municipios de inclusión forzosa en la muestra; del resto de
municipios en el universo en estudio se realizó la selección aleatoria de algunos de ellos; en total 104 municipios. En la segunda etapa se realizó una
selección aleatoria de manzanas cartográficas dentro de los municipios, trabajo hecho a partir del Marco Geoestadístico Nacional (el marco de
muestreo en la investigación). En la tercera etapa se seleccionaron hogares dentro de las manzanas cartográficas seleccionadas (en cada manzana se
seleccionaron 4 hogares) y en la etapa final, a un adulto dentro del hogar. La selección de las unidades estadísticas se operacionalizó a través del
algoritmo denominado “coordinado negativo”. En el operativo telefónico se seleccionaron directamente adultos en cada municipio a partir de la base
maestra del Centro Nacional de Consultoría.
El marco de muestreo utilizado es el Marco Geoestadístico Nacional provisto por el DANE. El marco de muestreo es el dispositivo que permite ordenar
el operativo de campo y ofrecer garantía de que su implementación corresponde a los lineamientos metodológicos establecidos para la investigación.
La unidad geográfica mínima que contiene dicho marco es la manzana cartográfica en las cabeceras de los municipios de Colombia.

4.412 casos en 104 municipios de todas las regiones de Colombia, a saber:
Antioquia +Eje Cafetero: Medellín, Bello, Itagüí, Manizales, Armenia, Pereira, Santafé de Antioquia, Rionegro, Segovia, La Dorada, Circasia, Santa Rosa
de Cabal, Jericó, Salgar, San Carlos, San Vicente y Santuario; Bogotá: Bogotá D. C.; Caribe: Barranquilla, Soledad, Cartagena, Valledupar, Montería, Santa
Marta, Sincelejo, Baranoa, Repelón, El Carmen de Bolívar, Agustín Codazzi, San Alberto, Chinú, Planeta Rica, Barrancas, Manaure, El Banco, Santa Lucía,
Becerril, Cotorra, Distracción, El Retén, Ovejas y San Pedro; Centroriente: Bucaramanga, Floridablanca, Tunja, Soacha, Cúcuta, Yopal, Chiquinquirá,
Sogamoso, Madrid, Tabio, Ubaté, Ocaña, Villa del Rosario, Lebrija, San Gil, Tauramena, Villanueva, Chita, Nobsa, Samacá, Tasco, Tibasosa, La Palma,
Sasaima, Une, El Carmen, Florián, Tona y Trinidad; Centrosur: Villavicencio, Ibagué, Neiva, Florencia, Pitalito, Granada, Puerto Gaitán, Puerto López,
Fresno, Timaná, Guamal, Honda, Natagaima y Santiago; Pacífico: Cali, Pasto, Popayán, Quibdó, San Andrés de Tumaco, Buenaventura, Palmira, Caloto,
Puerto Tejada, Istmina, Guacarí, Tuluá, Medio Baudó, Chachagüí, La Cruz, Mosquera, Bolívar, Ginebra y Trujillo
MARGEN DE ERROR Y NIVEL DE CONFIANZA: Margen de error de muestreo de 1,5% y 95% de confianza
TEMAS A LOS QUE SE REFIERE: Percepciones y expectativas ciudadanas sobre la realidad social y política colombiana y sobre el ambiente preelectoral
PREGUNTAS QUE SE FORMULARON: 7 preguntas. Para mayor detalle por favor consulte el cuestionario (ver archivo adjunto)
PERIODO TRABAJO DE CAMPO: 13 a 19 de mayo de 2022
TECNICA DE RECOLECCIÓN: Encuesta mayoritariamente presencial en hogares: 3.780 (86%) casos presenciales y 632 (14%) casos telefónicos",2022.05.19_CNC,,,,Si
Invamer,SI,20/5/2022,18/5/2022,Primera vuelta,Post consulta interpartidista,2000,"2,71%","38,08%","25,42%","19,60%","4,78%","0,28%","0,75%","0,56%",,,"4,31%",,"6,20%","100,00%","93,05%",https://www.valoraanalitik.com/2022/05/20/encuesta-invamer-elecciones-colombia-2022/,Presencial,"100,00%","66,70%","UNIVERSO:
Hombres y mujeres de 18 años en adelante, de todos los niveles socioeconómicos a nivel nacional, con cubrimiento urbano y rural (excluyendo los departamentos
antiguamente llamados “Territorios Nacionales”).
MARCO MUESTRAL:
En la primera fase del muestreo, Proyecciones a 2022 del Censo Nacional discriminado por municipios. En la segunda fase, planimetría de cada una de las poblaciones
seleccionadas. En la tercera fase, hogares de las manzanas y veredas seleccionadas en cada población. En la cuarta y última fase, personas mayores de 18 años o más,
residentes en cada hogar. Este marco muestral cubre el 100% del grupo objetivo.
TAMAÑO Y DISTRIBUCIÓN DE LA MUESTRA:
Se realizaron 2.000 encuestas distribuidas en los siguientes municipios: Aguachica, Amagá, Anzá, Arboleda, Armenia, Barrancabermeja, Barranquilla, Bello, Bogotá,
Bucaramanga, Buenaventura, Caldas, Cali, Carepa, Carmen Del Darién, Cartagena, Chía, Chiriguaná, Ciénaga De Oro, Córdoba, Cúcuta, Cumbal, Dagua, Dosquebradas, El
Carmen De Bolívar, El Rosal, Floridablanca, Fómeque, Fonseca, Galapa, Ginebra, Girardot, Girón, Guadalajara De Buga, Ibagué, Isnos, Itagüí, Jamundí, Jardín, Jesús María, La
Ceja, La Esperanza, La Vega, Los Patios, Manizales, Medellín, Melgar, Moniquirá, Montenegro, Montería, Mosquera, Neiva, Palmira, Pasto, Patía, Pereira, Popayán, Rionegro
(Antioquia), Rionegro (Santander), Riosucio, Sáchica, Sahagún, San Antero, San Estanislao, San Luis, San Pedro De Los Milagros, Santa Ana, Santa Marta, Santander De
Quilichao, Sincelejo, Soacha, Sogamoso, Soledad, Sotará, Sucre, Tocancipá, Tumaco, Uribia, Útica, Valledupar, Villavicencio, Vistahermosa y Zona Bananera. Para ajustar la
distribución de la muestra a la distribución real del universo por región y tamaño, se aplicaron factores de ponderación. Este tamaño muestral está de acuerdo al de la
propuesta.

SISTEMA DE MUESTREO: probabilístico por etapas: 1. Selección aleatoria sistemática de 125 puntos muestrales en todo el país. 2. Selección aleatoria sistemática de
cuatro manzanas o veredas en cada punto muestral. 3. Selección aleatoria sistemática de cuatro hogares por manzana o vereda. 4. Selección aleatoria simple de una
persona de 18 o más años residente en el hogar.
MARGEN DE ERROR: los márgenes de error dentro de unos límites de confianza de un 95%, son: para el total de la muestra de 2.000 encuestas +/- 2,19%; para el
total de la muestra de Bogotá +/- 5,22%, Norte Caribe +/- 4,90%, Centro Oriental +/- 4,47%, Antioquia/Eje Cafetero +/- 5,00% y Sur Occidental +/- 5,00%; para el total
de la muestra de hombres +/- 3,10% y mujeres +/- 3,10%; para el total de la muestra de personas de 18 a 24 años +/- 5,36% , de 25 a 34 años +/- 4,69%, de 35 a 44
años +/- 4,98%, de 45 a 54 años +/- 5,37% y de 55 años o más +/- 4,34%; para el total de la muestra de estrato (1-2) +/- 2,60%, estrato (3) +/- 4,69% y estrato (4, 5 y
6) +/- 8,08%; para el total de la muestra de la zona urbana +/- 2,46% y rural +/- 4,80%; para el total de la muestra de municipios Capitales +/- 3,22% y no Capitales +/-
2,99%. Para las preguntas de intención de voto a presidencia el margen de error a nivel total es de +/- 2,71%.
TÉCNICA DE RECOLECCIÓN DE DATOS: encuestas personales en el hogar del encuestado por medio de tablets y tarjetón para las preguntas de intención de voto.
FECHA DE RECOLECCIÓN DE LOS DATOS: del 13 al 18 de mayo de 2022.
NÚMERO DE ENCUESTADORES: en el estudio participaron 76 encuestadores.
MÉTODO DE VALIDACIÓN: se revisó el 100% de las encuestas realizadas y se supervisó el 10% de las mismas.",2022.05.18_Invamer,,"89,20%",,Si
JPG,SI,,18/5/2022,Primera vuelta,Post consulta interpartidista,6000,"1,27%","44,73%","22,42%","15,84%","6,92%","0,58%","0,61%","0,97%",,,"7,93%",,,"100,00%","99,39%",https://www.wradio.com.co/2022/05/19/encuesta-mosqueteros-petro-con-4473-fico-con-2242-y-rodolfo-hernandez-con-1584-lideran-intencion-de-voto/,Presencial,"100,00%","46,00%","""Mosqueteros"". Bogotá (Medellín, Cali, Barranquilla y Bucaramanga.

PERSONA NATURAL O JURÍDICA QUE LA ENCOMENDÓ:COLPRENSA, TELEPACÍFICO, ORO NOTICIAS.
PERSONA NATURAL O JURÍDICA QUE LA FINANCIÓ:Alianza Nacional de Firmas Encuestadoras con inscripción vigente ante el Consejo Nacional Electoral Colombiano denominada los “MOSQUETEROS” y conformada por: Yamil Cure Ruiz y JPG Investigación de Mercados E.U.
PERSONA NATURAL O JURÍDICA QUE LA REALIZÓ 
JPG Investigación de Mercados E.U (Resolución No. 1230 de 2021) 
UNIVERSO: Está conformado por la población mayor de 18 años apta para votar, hombres y mujeres de todos los niveles socioeconómicos residentes en:
Bogotá (Medellín, Cali, Barranquilla, Bucaramanga y sus respectivas áreas metropolitanas).
.
DISEÑO MUESTRAL: Las premisas para la selección de las unidades de observación corresponden a un
Muestreo Probabilístico Cuantitativo, con Afijación Simple Bogotá (Medellín, Cali, Barranquilla,
Bucaramanga y sus respectivas áreas metropolitanas). Aleatorio Simple con Reposición, Multietápico,
Estratificado; para cada submuestra se aplica afijación proporcional al peso electoral.
ÁMBITO GEOGRÁFICO DE ESTUDIO: Está limitado a las ciudades de: Bogotá (Medellín, Cali, Barranquilla,
Bucaramanga y sus respectivas áreas metropolitanas). TÉCNICA DE RECOLECCIÓN DE DATOS: Encuesta
presencial, cuestionario estructurado en el software de captura de información digital JPG, apoyado por
tarjetón electoral. 

TAMAÑO DE LA MUESTRA: 6000 encuesta presencial.
GRUPO OBJETIVO: Hombres y mujeres mayores de 18 años, con intención
de voto para las próximas elecciones presidenciales en Colombia de todos los niveles socioeconómicos, residentes en Bogotá (Medellín, Cali, Barranquilla, Bucaramanga y sus respectivas áreas metropolitanas). 
ÁMBITO DE COBERTURA:
1. Bogotá. 2. Área metropolitana de Medellín: Medellín, Bello, Itagüí, Envigado, Sabaneta y La Estrella
3. Área metropolitana de Cali: Cali, Palmira, Jamundí,
Yumbo y Candelaria.
4. Área metropolitana de Barranquilla: Barranquilla,
Soledad, Malambo, Puerto Colombia y Galapa
5. Área metropolitana de Bucaramanga: Bucaramanga,
Floridablanca, Girón y Piedecuesta.
NIVEL DE CONFIANZA: 95%, para fenómenos observados en la población con un MARGEN DE ERROR
de +/-1.27% para el total del estudio y +/-2.83% para la submuestra analizada de forma independiente Bogotá
(Medellín, Cali, Barranquilla, Bucaramanga y sus respectivas áreas metropolitanas). 
FECHA DE RECOLECCIÓN DE LA INFORMACIÓN: Del 15 al 18 de mayo de 2022.
TEMAS TRATADOS: Intención de voto para candidatos a la Presidencia de la República de Colombia elecciones
2022 primera y posible segunda vuelta",2022.05.18_JPG_574951658-Encuesta-Mosqueteros-Petro-con-44-73-Fico-con-22-42-y-Rodolfo-Hernandez-con-15-84-lideran-intencion-de-voto,,,,Si
CNC,SI,15/5/2022,13/5/2022,Primera vuelta,Post consulta interpartidista,6204,"1,20%","38,00%","23,00%","16,00%","7,00%","0,00%","1,00%","1,00%",,,"6,00%","2,00%","6,00%","100,00%","91,00%",https://www.portafolio.co/elecciones-2022/encuesta-del-cnc-petro-fico-y-rodolfo-los-candidatos-con-mas-intencion-de-voto-565448,80% presencial 20% telefonico,"70,00%","69,06%","Persona natural o jurídica que la realizó: Centro Nacional de Consultoría S.A.
Persona natural o jurídica que la encomendó: Encina S.A.S.
Fuente de financiación: Encina S.A.S.
Universo en estudio: mujeres y hombres mayores de 18 años, residentes en los municipios de Colombia y con intención de votar en las próximas elecciones presidenciales. Como mecanismo de estratificación estadística se establecieron 6 regiones geográficas de la siguiente manera: (1) Antioquia +Eje Cafetero: Antioquia, Caldas, Quindío y Risaralda; (2) Bogotá: Bogotá D. C.; (3) Caribe: Atlántico, Bolívar, Cesar, Córdoba, La Guajira, Magdalena, Sucre, San Andrés y Providencia; (4) Centroriente: Boyacá, Cundinamarca, Norte de Santander, Santander, Arauca y Casanare; (5) Centrosur: Huila, Tolima, Meta, Caquetá y Putumayo y (6) Pacífico: Cauca, Chocó, Nariño y Valle del Cauca.
Diseño de muestreo: el diseño de muestreo es probabilístico, en cuatro etapas y estratificado con selección de muestras aleatorias simples de unidades estadísticas en cada etapa. En la primera etapa de muestreo se realizó una selección de municipios dentro de cada región geográfica (estrato estadístico), considerando a Bogotá, Medellín, Cali, Barranquilla, Cartagena, Bucaramanga, Ibagué, Villavicencio y Cúcuta como municipios de inclusión forzosa en la muestra; del resto de municipios en el universo en estudio se realizó la selección aleatoria de algunos de ellos; en total 116 municipios. En la segunda etapa se realizó una selección aleatoria de manzanas cartográficas dentro de los municipios, trabajo hecho a partir del Marco Geoestadístico Nacional (el marco de muestreo en la investigación). En la tercera etapa se seleccionaron hogares dentro de las manzanas cartográficas seleccionadas (en cada manzana se seleccionaron 4 hogares) y en la etapa final, a un adulto dentro del hogar. La selección de las unidades estadísticas se peracionalizó a través del algoritmo denominado “coordinado negativo”. En el operativo telefónico se seleccionaron directamente adultos en cada municipio a partir de la base maestra del Centro Nacional de Consultoría. El marco de muestreo utilizado en el operativo presencial es el Marco Geoestadístico Nacional (MGN) provisto por el Dane; en el operativo telefónico es la base maestra del Centro Nacional de Consultoría. El marco de muestreo es el dispositivo que permite ordenar el operativo de campo y ofrecer garantía de que su implementación corresponde a los lineamientos metodológicos establecidos para la investigación. La unidad geográfica mínima que contiene el MGN es la manzana cartográfica en las cabeceras municipales y la vereda en la zona rural.
Tamaño de muestra: 6.204 casos en 116 municipios de todas las regiones de Colombia, a saber: Antioquia +Eje Cafetero: Medellín, Bello, Itagüí, Manizales, Armenia, Pereira, La Estrella, Rionegro, Santa Rosa de Osos, Segovia, La Tebaida, Santa Rosa de Cabal, Entrerrios, Frontino, Guadalupe, San Vicente, Pácora y Viterbo; Bogotá: Bogotá, DC. Caribe: Barranquilla, Soledad, Cartagena, Valledupar, Montería, Santa Marta, Sincelejo, abanagrande, Mahates, Agustín, Codazzi, Curumaní, Chinú, Montelíbano, Moñitos, Barrancas, Ciénaga, El Banco, Sampués, Sucre, Manatí, Santa Lucía, Santa Catalina, La Gloria, Buenavista, Urumita, Chalán, San Pedro; Centroriente: Bucaramanga, Floridablanca, Tunja, Cúcuta, Soacha, Yopal, Chiquinquirá, Madrid, Tabio, Tocancipá, Ocaña, Sardinata, Lebrija, Piedecuesta, Arauquita, Tauramena, Chita, Chíquiza, Gachantivá, Tasco, Cabrera, La Palma, Quebradanegra, Une, El Carmen, Mutiscua, Florián, San Andrés, Tona y Trinidad; Centrosur: Neiva, Villavicencio, Ibagué, Florencia, Puerto Rico, Pitalito, La Macarena, Puerto Gaitán, Puerto López, Fresno, Melgar, Timaná, El Dorado, Puerto Concordia, Natagaima, Villahermosa, Colón y Santiago; Pacífico: Cali, Pasto, Popayán, Quibdó, San Andrés de Tumaco, Buenaventura, Palmira, Bolívar, Miranda, Puerto Tejada, Santander de Quilichao, Bajo Baudó, Riosucio, Guacarí, Tuluá, Padilla, El Cantón del San Pablo, Medio Baudó, Funes, La Cruz, Tangua, Bolívar y El Águila.
Margen de error y nivel de confianza: margen de error de muestreo de 1,2 % y 95 % de confianza.
Temas a los que se refiere: percepciones y expectativas ciudadanas sobre la realidad política colombiana y sobre el ambiente preelectoral.
Preguntas que se formularon: 56 preguntas. Para mayor detalle por favor consulte el cuestionario.
Periodo trabajo de campo: 2 a 13 de mayo de 2022.
Técnica de recolección: encuesta mayoritariamente presencial en hogares: 4.931 (80%) casos presenciales y 1.273 (20%) casos telefónicos.",2022.05.19_CNC_574981861-Semana-Candidatos-Presidenciales-19-05-2022-003,,,,Si
T&SE,SI,16/5/2022,8/5/2022,Primera vuelta,Post consulta interpartidista,8000,"2,70%","36,64%","21,40%","10,90%","6,06%","1,30%","0,88%","1,16%","1,08%",,"6,19%",,"14,39%","100,00%","83,65%",https://www.eltiempo.com/elecciones-2022/actualidad-electoral/nueva-encuesta-petro-36-64-fico-21-40-indecisos-14-39-672588,Telefónica,"50,00%","60,00%","Empresa contratante: TYSE tecnología y servicios electorales
2. Empresa que realizó la encuesta: TYSE Tecnología Y Servicios Electorales
3. Financiación: recursos propios
4. Técnica de recolección: encuestas telefónicas
5. Fecha de recolección: 23 de abril 2022 al 08 de mayo 2022
6. Universo: población mayor de 18 años con intención de voto.

7. Diseño muestral: muestreo estratificado, polietápico con 
afijación proporcional por:
Género, rango de edad y nivel socioeconómico
8. Tamaño de la muestra: 8.000
9. Nivel de confianza: 97.3%
10. Margen de error: inferior al 2.7%


Tamaño de muestra:
Ejecución de 24,286 llamadas, con un
resultado de 8.144 llamadas
efectivas, donde el tamaño 

Nivel de confianza del 96.8%, Con un 
error estándar menor al 3.5%

Hombres y mujeres, mayores de 18 
años, los cuales corresponden al 
potencial electoral de Colombia

A través de llamadas telefónicas, 
respondiendo las preguntas 
reflejadas en el formulario y 
tipificación por medio del 
aplicativo de TYSE.
",2022.05.08_T&SE_EncuestaPresidencialTYSE_Mayo2022,,,,Si
Yanhaas,SI,10/5/2022,7/5/2022,Primera vuelta,Post consulta interpartidista,1232,"3,20%","40,00%","21,00%","12,00%","7,00%","0,30%","1,00%",,"0,30%",,"13,00%",,"6,00%","100,60%","93,30%",https://www.vanguardia.com/politica/elecciones/petro-y-fico-los-favoritos-para-segunda-vuelta-YK5185265,Presencial,"75,00%","60,00%","5 regiones de Colombia, 60 municipios. Del 30 de abril al 7 de mayo 2022. 1232 encuestas. ME 3,2% NC 95%. Revision 100% Supervicion 21%. ",2022.05.07_Yanhass,,,,Si
Massive Caller,"No, internacional",,3/5/2022,Primera vuelta,Post consulta interpartidista,1000,"3,40%","35,20%","30,40%","8,80%","8,10%","0,80%","1,50%","1,00%",,,"14,20%",,,"100,00%","98,50%",https://www.massivecaller.com/files/colombia.pdf,Telefónica,"50,00%",,N/d,2022.05.03_MassiveCaller,,,,Si
Guarumo & EcoAnalítica,SI,1/5/2022,29/4/2022,Primera vuelta,Post consulta interpartidista,2132,"2,50%","36,40%","30,60%","12,40%","6,90%","1,10%","1,30%","1,10%","0,20%",,"5,70%",,"4,30%","100,00%","94,20%",https://www.eltiempo.com/elecciones-2022/presidencia/encuesta-de-guarumo-petro-y-fico-favoritos-para-primera-vuelta-668979º,Presencial,"75,00%","50,00%","Universo de estudio: hombres y mujeres colombianos mayores de 18 años, residentes en Colombia, exceptuando a los denominados antiguos Territorios Nacionales y el archipiélago de San Andrés, que expresaron intención de votar en las próximas elecciones presidenciales.
Diseño de la muestra: el diseño de la muestra es probabilístico.
Tamaño de la muestra: 2.132 encuestas.
Técnica de recolección: encuesta presencial.
Fecha de recolección: del 25 al 29 de abril de 2022. Personajes por quienes se indagó: remitirse al formulario de recolección.
Margen de error: el margen de error es del 2,5 % con un 95 % de confianza. Distribución de la muestra: las encuestas se realizaron en los siguientes municipios: Barranquilla (113), Bello (61), Bogotá D. C. (286), Bucaramanga (87), Cali (97), Cartagena (74), Ciénaga (46), Cúcuta (73), Dosquebradas (77), Floridablanca (63), Girón (24), Granada (39), Maicao (23), Manizales (99), Medellín (123), Palmira (74), Pamplona (61), Pasto (117), Pereira (66) Riohacha (69), Risaralda (29), Santa Marta (73), Soacha (49), Soledad (113), Tocaima (3),Turbaco (63), Uribia (59), Villavicencio (71).
",22.04.29_Guarumo.docx,,,,Si
Invamer,SI,29/4/2022,27/4/2022,Primera vuelta,Post consulta interpartidista,1409,"2,55%","43,60%","26,70%","13,90%","6,50%","1,10%","0,50%","1,50%","0,50%",,"5,70%",,,"100,00%","99,00%",https://noticias.caracoltv.com/politica/elecciones-colombia/encuestas/petro-baja-un-punto-pero-sigue-arriba-fico-sube-18-y-fajardo-pierde-8-5-encuesta-invamer-rg10,Presencial,"100,00%","66,70%","UNIVERSO:
Hombres y mujeres de 18 años en adelante, de todos los niveles socioeconómicos a nivel nacional, con cubrimiento urbano y rural (excluyendo los departamentos antiguamente llamados “Territorios Nacionales”). 
MARCO MUESTRAL:
En la primera fase del muestreo, Proyecciones a 2022 del Censo Nacional discriminado por municipios. En la segunda fase, planimetría de cada una de las poblaciones seleccionadas. En la tercera fase, hogares de las manzanas y veredas seleccionadas en cada población. En la cuarta y última fase, personas mayores de 18 años o más, residentes en cada hogar. Este marco muestral cubre el 100% del grupo objetivo.
TAMAÑO Y DISTRIBUCIÓN DE LA MUESTRA:
Se realizaron 2.000 encuestas distribuidas en los siguientes municipios: Almeida, Anserma, Apartado, Armenia, Arroyohondo, Barranquilla, Bello, Bogotá, Bolívar, Bucaramanga, Buenaventura, Cajicá, Caldas, Cali, Candelaria, Cartagena, Cartago, Cocorná, Concepción, Cúcuta, Curumaní, Dosquebradas, Duitama, El Bagre, El Retén, El Zulia, Envigado, Espinal, Facatativá, Floridablanca, Fundación, Galapa, Garzón, Granada, Guasca, Ibagué, Ipiales, Lebrija, Los Córdobas, Los Palmitos, Maicao, Manizales, Marinilla, Medellín, Medina, Mercaderes, Montería, Muzo, Neiva, Ocaña, Palmira, Pasto, Peñol, Pereira, Piedecuesta, Popayán, Puerto Tejada, Purificación, Quibdó, Quimbaya, Roldanillo, San Andrés, San Andrés Sotavento, San Pedro De Urabá, Sandoná, Santa Marta, Sincelejo, Soacha, Soledad, Tesalia, Tierralta, Toribío, Tuluá, Tunja, Turbaco, Unión Panamericana, Usiacurí, Valledupar, Villanueva, Villavicencio, Villeta, Yacuanquer y Zipaquirá. Para ajustar la distribución de la muestra a la distribución real del universo por región y tamaño, se aplicaron factores de ponderación. Este tamaño muestral está de acuerdo al de la propuesta.

SISTEMA DE MUESTREO: probabilístico por etapas: 1. Selección aleatoria sistemática de 125 puntos muestrales en todo el país. 2. Selección aleatoria sistemática de cuatro manzanas o veredas en cada punto muestral. 3. Selección aleatoria sistemática de cuatro hogares por manzana o vereda. 4. Selección aleatoria simple de una persona de 18 o más años residente en el hogar.
MARGEN DE ERROR: los márgenes de error dentro de unos límites de confianza de un 95%, son: para el total de la muestra de 2.000 encuestas +/- 2,19%; para el total de la muestra de Bogotá +/- 5,15%, Norte Caribe +/- 4,88%, Centro Oriental +/- 4,53%, Antioquia/Eje Cafetero +/- 5,01% y Sur Occidental +/- 5,01%; para el total de la muestra de hombres +/- 3,10% y mujeres +/- 3,10%; para el total de la muestra de personas de 18 a 24 años +/- 5,60% , de 25 a 34 años +/- 4,57%, de 35 a 44 años +/- 5,23%, de 45 a 55 años +/- 5,39% y de 55 años o más +/- 4,16%; para el total de la muestra de estrato (1-2) +/- 2,59%, estrato (3) +/- 4,77% y estrato (4, 5 y 6) +/- 8,14%; para el total de la muestra de la zona urbana +/- 2,45% y rural +/- 4,92%; para el total de la muestra de municipios Capitales +/- 3,16% y no Capitales +/- 3,04%. Para las preguntas de intención de voto a presidencia el margen de error a nivel total es de +/- 2,55%.
TÉCNICA DE RECOLECCIÓN DE DATOS: encuestas personales en el hogar del encuestado por medio de tablets y tarjetón para las preguntas de intención de voto.
FECHA DE RECOLECCIÓN DE LOS DATOS: del 21 al 27 de abril de 2022.
NÚMERO DE ENCUESTADORES: en el estudio participaron 78 encuestadores.
MÉTODO DE VALIDACIÓN: se revisó el 100% de las encuestas realizadas y se supervisó el 10% de las mismas.
TEMAS A LOS QUE SE REFIERE: intención de voto, aprobación del Presidente, imagen de personajes e instituciones de Colombia, principal problema por resolver en el país, aceptación respecto a leyes, propuestas o afirmaciones del momento",2022.04.27_Invamer_020600220000-colombia-opina-11,"4,80%","69,10%",n total = 2000. Se distribuyen solo casos que si van a votar%,Si
Massive Caller,"No, internacional",,26/4/2022,Primera vuelta,Post consulta interpartidista,1000,"3,40%","33,80%","31,60%","7,50%","8,90%","1,00%","1,60%","1,20%",,,"14,40%",,,"100,00%","98,40%",https://www.massivecaller.com/files/colombia.pdf,Telefónica,"50,00%",,N/d,2022.05.03_MassiveCaller,,,,Si
CELAG,"No, internacional",21/4/2022,18/4/2022,Primera vuelta,Post consulta interpartidista,3064,"2,19%","42,60%","21,80%","11,50%","9,20%",,"1,00%",,,"0,80%","6,60%","1,40%","5,10%","100,00%","91,70%",https://www.celag.org/wp-content/uploads/2022/04/informe-colombia-abril-prensa-v4.pdf,Presencial,"75,00%","58,50%","Universo de estudio: Hombres y mujeres colombianos mayores de 18 años y con predisposición a votar en las
próximas elecciones presidenciales. 
• Tipo de estudio: Cuantitativo. Entrevistas personales cara a cara, con cuestionario aplicado mediante el uso de dispositivos
móviles.
• Diseño muestral: Muestra nacional de población urbana y rural estratificada por región, departamento y localidad. Se
establecieron seis regiones geográficas (Bogotá, Caribe, Centro, Antioquía, Pacífico y Orinoquía). En esas regiones se
seleccionaron los 25 departamentos más poblados. Y en esos
departamentos se seleccionó una muestra de 54 localidades de
distinto tamaño, incluyendo capitales de departamento, las
ciudades más pobladas y poblaciones rurales. Bogotá fue
dividida en cuatro áreas diferentes (Norte, Oriente, Occidente y
Sur).
• Ponderación de resultados: Se fijaron tamaños de muestra
desproporcionados para algunas regiones a fines de mejorar su
representatividad. Las proporciones poblacionales fueron
posteriormente restablecidas aplicando factores de
ponderación. Para la estratificación regional se utilizaron datos
de la distribución del padrón electoral de las últimas elecciones
legislativas y para la estratificación socioeconómica, se
utilizaron datos provenientes del censo 2018 y sus
proyecciones poblacionales.
• Tamaño de la muestra: 3.064 casos totales efectivos.
• Parámetros sociodemográficos El perfil de la muestra no
registra sesgos para la principales variables sociodemográficas
(género, edad, estrato económico y zona geográfica).
• Control de calidad: Todas las etapas de la investigación se
desarrollan cumpliendo la revisión del 100% de las encuestas
realizadas y supervisión telefónica del 15% de las mismas.
• Margen de error: El margen de error para el total de la muestra
oscila entre +/- 0,9% y +/- 2,19%, de acuerdo a la dispersión de
la distribución, con un 95% de intervalo de confianza.
• Fecha de trabajo de campo: Del 01 al 18 de abril de 2022.",,,,,Si
CNC,SI,22/4/2022,21/4/2022,Primera vuelta,Post consulta interpartidista,4599,"1,40%","38,00%","23,80%","9,60%","7,20%","0,30%","0,90%","0,90%","0,40%","0,40%","7,60%","2,10%","8,80%","100,00%","87,40%",https://www.centronacionaldeconsultoria.com/_files/ugd/c967c2_aa49b3823f19428d8fc9ca67fd6d053b.pdf,90% Presencial 10% Telefónico,"72,50%","67,20%","Mujeres y hombres mayores de 18 años, residentes en los municipios de Colombia y con intención de votar en las próximas elecciones presidenciales. Como mecanismo de estratificación estadística se establecieron 6 regiones geográficas de la siguiente manera: (1) Antioquia +Eje Cafetero: Antioquia, Caldas, Quindío y Risaralda; (2) Bogotá: Bogotá D. C.; (3) Caribe: Atlántico, Bolívar, Cesar, Córdoba, La Guajira, Magdalena, Sucre, San Andrés y Providencia; (4) Pacífico: Cauca, Chocó, Nariño y Valle del Cauca; (5) Centroriente: Boyacá, Cundinamarca, Norte de Santander, Santander, Arauca y Casanare y (6) Centrosur: Huila, Tolima, Meta, Caquetá y Putumayo.
DISEÑO DE MUESTREO: El diseño de muestreo es probabilístico, en cuatro etapas y estratificado con selección de muestras aleatorias simples de unidades estadísticas en cada etapa. En la primera etapa de muestreo se realizó una selección de municipios dentro de cada región geográfica (estrato estadístico),
considerando a Bogotá, Medellín, Cali, Barranquilla, Cartagena, Bucaramanga, Ibagué, Villavicencio y Cúcuta como municipios de inclusión forzosa en la muestra; del resto de municipios en el universo en estudio se realizó la selección aleatoria de algunos de
ellos; en total 101 municipios. En la segunda etapa se realizó una selección aleatoria de manzanas cartográficas dentro de los municipios, trabajo hecho a partir del Marco Geoestadístico Nacional (el marco de muestreo en la investigación). En la tercera etapa se seleccionaron hogares dentro de las manzanas cartográficas seleccionadas (en cada manzana se seleccionaron 4 hogares) y en la etapa final, a un adulto dentro del hogar. La selección de las unidades estadísticas se operacionalizó a través del algoritmo denominado “coordinado negativo”. El marco de muestreo utilizado es el Marco Geoestadístico Nacional provisto por el DANE. El marco de muestreo es el dispositivo que permite ordenar el operativo de campo y ofrecer garantía de que su implementación corresponde a los lineamientos metodológicos establecidos para la investigación. La unidad geográfica mínima que contiene dicho marco es la manzana cartográfica en las cabeceras de los municipios de Colombia.

4.599 casos en 101 municipios de todas las regiones de Colombia a saber: Antioquia +Eje Cafetero: Medellín, Armenia, Manizales, Pereira, Santafé de Antioquia, Caldas, Chigorodó, Fredonia, Puerto Triunfo, Rionegro, Santa Rosa de Osos, Yarumal, Filadelfia, La Dorada, Neira, Circasia, Dosquebradas, Mistrató, Santuario; Bogotá: Bogotá
D. C.; Caribe: Barranquilla, Cartagena, Montería, Santa Marta, Valledupar, Sincelejo, Baranoa, Puerto Colombia, Repelón, Sabanalarga, Soledad, El Carmen de Bolívar, San Pablo, Turbaco, El Copey, Ciénaga de Oro, Planeta Rica, San Antero, Maicao, Manaure, Aracataca, El Retén, Los Palmitos; Pacífico: Cali, Pasto, Popayán, Quibdó, Caldono, Caloto, Santander de Quilichao, Ipiales, Mosquera, Túquerres, Alcalá, Cartago, Florida, Palmira, Tuluá; Centroriente: Bucaramanga, Cúcuta, Tunja, Arauca, Chiquinquirá, Ráquira, Santa Rosa de Viterbo, Socotá, Sogamoso, Sotaquirá, Umbita, La Palma, Mosquera, Sasaima, Sibaté, Soacha, Ubaté, Chinácota, Villa del Rosario, Bolívar, Capitanejo, El Carmen de Chucurí, Floridablanca, Rionegro, San Gil, Vélez, Orocué, Trinidad, Villanueva; Centrosur: Ibagué, Neiva, Villavicencio, Florencia, Agrado, Gigante, Pitalito, Granada, Carmen de Apicalá, Espinal, Honda, Líbano, Saldaña, Mocoa
MARGEN DE ERROR Y NIVEL DE CONFIANZA: Margen de error de muestreo de 1,4% y 95% de confianza
TEMAS A LOS QUE SE REFIERE: Percepciones y expectativas ciudadanas sobre la realidad social y política colombiana y sobre el ambiente preelectoral
PREGUNTAS QUE SE FORMULARON: 7 preguntas. Para mayor detalle por favor consulte el cuestionario (ver archivo adjunto)
PERIODO TRABAJO DE CAMPO: 18 a 21 de abril de 2022
TECNICA DE RECOLECCIÓN: 4.159 (90%) casos presenciales y 440 (10%) casos telefónicos",2022.04.19_CNC_Semana - Candidatos presidenciales 21-04-2022,,,,Si
Massive Caller,"No, internacional",,19/4/2022,Primera vuelta,Post consulta interpartidista,1000,"3,40%","31,50%","29,90%","8,30%","10,40%","1,00%","1,40%","0,80%",,,"16,70%",,,"100,00%","98,60%",https://www.massivecaller.com/files/colombia.pdf,Telefónica,"50,00%",,N/d,2022.05.03_MassiveCaller,,,,Si
Massive Caller,"No, internacional",,11/4/2022,Primera vuelta,Post consulta interpartidista,1000,"3,40%","32,90%","27,20%","9,30%","10,00%",,"1,80%","0,80%",,,"18,10%",,,"100,10%","98,30%",https://www.massivecaller.com/files/colombia.pdf,Telefónica,"50,00%",,N/d,2022.05.03_MassiveCaller,,,,Si
CNC,SI,7/4/2022,7/4/2022,Primera vuelta,Post consulta interpartidista,1965,"2,20%","34,00%","23,00%","12,00%","9,00%","0,00%","2,00%","1,00%","0,00%","1,00%","4,00%","2,00%","12,00%","100,00%","83,00%",https://www.centronacionaldeconsultoria.com/post/cnc-tres-candidatos-con-empate-tecnico-en-segunda-vuelta-frente-a-petro,Telefónica,"50,00%","61,40%","PERSONA NATURAL O JURÍDICA QUE LA REALIZÓ: Centro Nacional de Consultoría S.A.
PERSONA NATURAL O JURÍDICA QUE LA
ENCOMENDÓ: CM&
FUENTE DE FINANCIACIÓN: CM&
UNIVERSO EN ESTUDIO: Mujeres y hombres mayores de 18 años residentes en los municipios de Colombia
DISEÑO DE MUESTREO: Probabilístico estratificado en dos etapas con selección de encuestados por Muestreo Aleatorio Simple. La estratificación separa las ciudades principales del resto de municipios en cada región. En la primera etapa de muestreo se seleccionaron municipios y en la segunda etapa de muestreo se seleccionaron hogares a partir del marco de muestreo (directorio telefónico). Se encuestó a una persona adulta dentro del hogar. Las regiones geográficas conformadas fueron: (1) Bogotá: Bogotá D.C.; (2) Caribe: Atlántico, Bolívar, Cesar, Córdoba, La Guajira, Magdalena y Sucre; (3) Central: Antioquia, Caldas, Quindío, Risaralda, Huila y Tolima; (4) Oriente: Arauca, Boyacá, Casanare, Cundinamarca, Meta, Norte de Santander, Santander; (5) Pacífico: Cauca, Chocó, Nariño, Valle Del Cauca
TAMAÑO DE MUESTRA: 1.965 casos en 66 municipios de Colombia
MARGEN DE ERROR Y NIVEL DE CONFIANZA: Margen de error de 2,2% y 95% de confianza
TEMAS A LOS QUE SE REFIERE: Intención de voto por los candidatos a la presidencia de Colombia
PREGUNTAS QUE SE FORMULARON: 6 preguntas
PERIODO TRABAJO DE CAMPO: 4 a 7 de abril de 2022
CANTIDAD DE ENCUESTADORES Y MÉTODO DE
SUPERVISIÓN: Participaron 60 encuestadores y el método de supervisión fue monitorización del 10% y revisión digital de 17%
TECNICA DE RECOLECCIÓN: Encuesta telefónica en hogares",2022.04.07_CNC,,,,Si
Massive Caller,"No, internacional",,5/4/2022,Primera vuelta,Post consulta interpartidista,1000,"3,40%","34,40%","28,70%","10,70%","10,80%",,"2,30%","1,00%",,,"12,10%",,,"100,00%","97,70%",https://www.massivecaller.com/files/colombia.pdf,Telefónica,"50,00%",,N/d,2022.05.03_MassiveCaller,,,,Si
Guarumo & EcoAnalítica,SI,3/4/2022,1/4/2022,Primera vuelta,Post consulta interpartidista,1865,"2,50%","34,00%","25,00%","9,30%","9,50%","1,60%","2,60%","0,00%","0,30%",,"10,30%",,"7,40%","100,00%","89,70%",https://www.scribd.com/document/567828482/Percepcio-n-Pai-s-Abril#fullscreen&from_embed,Telefónica,"50,00%","54,60%","Hombres y mujeres colombianos mayores de 18 años, residentes en Colombia, exceptuando a los denominados antiguos Territorios Nacionales y el archipiélago de San Andrés, que expresaron intención de votar en las próximas elecciones presidenciales.. Campo: 30 marzo a 1ro abril 2022. n 1865 encuestas telefonicas. 2.5% ME. Barranquilla, Bello, Bogotá, Buenaventura, Bucaramanga, Cali, Cartagena, Cienaga, Cucuta, Chia, Dosquebradas, Florencia, Fusagasuga, Girardot, Ibague, Manizales, MEdellin, Monteria, Mompox, Neiva, Los Patios, Palmira, Los Pastos, Pereira, Popayan, Riohacha, Rivera, Santa Marta, Sincelejo, Sibate, Soacha, Sogamoso, Soledad, Tunja, Uribia, Valledupar, Villavicencio, Yopal. Marco muestral: municipios del cenmso nacional. ",22.04.01_Guarumo.docx,,,,Si
CNC,SI,2/4/2022,31/3/2022,Primera vuelta,Post consulta interpartidista,4206,"1,50%","36,50%","24,50%","10,00%","8,40%","0,50%","1,50%","0,90%","0,30%","0,30%","8,10%","2,80%","6,20%","100,00%","88,90%",https://www.scribd.com/document/567688808/Semana-Candidatos-Presidenciales-31-03-202+2#download&from_embed,Presencial,"75,00%","63,20%","Mujeres y hombres mayores de 18 años, residentes en los municipios de Colombia y con intención de votar en las próximas elecciones presidenciales. Como mecanismo de estratificación estadística se establecieron 6 regiones geográficas de la siguiente manera: (1) Antioquia+EjeCafetero:Antioquia,Caldas,QuindíoyRisaralda; (2)Bogotá:BogotáD.C.; (3)Caribe:Atlántico,Bolívar,Cesar,Córdoba,LaGuajira,Magdalena,Sucre,SanAndrésyProvidencia; (4)Pacífico:Cauca,Chocó,NariñoyValledelCauca; (5)Centroriente:Boyacá,Cundinamarca,NortedeSantander,Santander,AraucayCasanarey (6)Centrosur:Huila,Tolima,Meta,CaquetáyPutumayo. Diseño de muestreo: El diseño de muestreo es probabilístico, en cuatro etapas y estratificado con selección de muestras aleatorias simples de unidades estadísticas en cada etapa. En la primera etapa de muestreo se realizó una selección de municipios dentro de cada región geográfica (estratoestadístico), considerando a Bogotá, Medellín, Cali ,Barranquilla, Cartagena, Bucaramanga, Ibagué, Villavicencio y Cúcuta como municipios de inclusión forzosa en la muestra; del resto de municipios en el universo en estudio se realizó la selección aleatoria 
 de algunos de ellos; en total 75 municipios. En la segunda etapa se realizó una selección aleatoria de manzanas cartográficas dentro de los municipios seleccionados, apartir de lMarco Geoestadístico Nacional (el marco de muestreo en la investigación). En la tercera etapa se seleccionaron hogares dentro de lasmanzanas cartográficas seleccionadas (en cada manzana seseleccionaron 4 hogares) y en la etapafinal, a un adulto dentro del hogar. La selección de las unidades estadísticas se operacionalizó através del algoritmo denominado “coordinadonegativo”. Elmarco de muestreo utilizado es el Marco GeoestadísticoNacionalprovistoporelDANE. El marco de muestreo es el dispositivo que permite ordenar el operativo de campo y ofrecer garantía de que su implementación corresponde a los lineamientos metodológicos establecidos para la investigación. La unidad geográfica mínima que contiene dicho marco es la manzana cartográfica en las cabeceras de los municipios de Colombia.

Tamaño de muestra: 4.206 casos en 75municipios de todas las regiones de Colombia. Margen de error y nivel de confianza:Margen de error de muestreo de 1,5% y 95% de confianza. Temas a los que se refiere: Percepciones y expectativas ciudadanas sobre la realidad social y política colombiana y sobreelambientepreelectoral. Preguntas que se formularon:7preguntas. Trabajo de campo: 28 a 31 de marzo de 2022. Técnica de recolección: Encuesta presencial en hogares",2022.03.31_CNC,,,,Si
Massive Caller,"No, internacional",,29/3/2022,Primera vuelta,Post consulta interpartidista,1000,"3,40%","32,40%","27,60%","9,50%","12,30%",,"2,60%","1,20%",,,"14,40%",,,"100,00%","97,40%",https://www.massivecaller.com/files/colombia.pdf,Telefónica,"50,00%",,N/d,2022.05.03_MassiveCaller,,,,Si
Yanhaas,SI,21/3/2022,21/3/2022,Primera vuelta,Post consulta interpartidista,1236,"3,20%","37,00%","19,00%","11,00%","10,00%","0,30%","2,00%",,"0,20%",,"16,00%",,"5,00%","100,50%","93,30%",https://www.lafm.com.co/politica/la-gran-encuesta-petro-encabeza-intencion-de-voto-para-las-presidenciales-seguido-por-fico,Presencial,"75,00%","60,00%","5 regiones de Colombia, 60 municipios. Del 14 al 19 de marzo 2022. 1236 encuestas. ME 3,2% NC 95%. Revision 100% Supervicion 24%. ",2022.03.19_YanHaas,,,,Si
Massive Caller,"No, internacional",,21/3/2022,Primera vuelta,Post consulta interpartidista,1000,"3,40%","33,50%","22,10%","8,90%","10,10%",,"2,40%","1,00%",,,"22,00%",,,"100,00%","97,60%",https://www.massivecaller.com/files/colombia.pdf,Telefónica,"50,00%",,N/d,2022.05.03_MassiveCaller,,,,Si
CNC,SI,2/4/2022,19/03/2022,Primera vuelta,Post consulta interpartidista,2143,"2,10%","32,10%","23,20%","10,20%","9,70%","0,70%","2,60%",,"0,60%","0,90%","5,30%","2,00%","12,70%","100,00%","81,20%",https://www.scribd.com/document/567688808/Semana-Candidatos-Presidenciales-31-03-202+2#download&from_embed,Telefónica,"50,00%","56,10%","18 y 19 de marzo. En total se hicieron 2.143 encuestas (1.111 telefónicas y 1.032 presenciales) en 45 municipios de todas las regiones de Colombia.


El margen de error es del 2,1% y el nivel de confianza es del 95%",2022.03.31_CNC,,,,Si
Massive Caller,"No, internacional",,15/3/2022,Primera vuelta,Post consulta interpartidista,1000,"3,40%","31,30%","17,10%","9,40%","14,40%",,"3,00%","1,00%",,"4,10%","19,70%",,,"100,00%","92,90%",https://www.massivecaller.com/files/colombia.pdf,Telefónica,"50,00%",,N/d,2022.05.03_MassiveCaller,,,,Si
Atlas Intel,"No, internacional",,12/03/2022,Primera vuelta,Pre consulta interpartidista,2736,"2,00%","35,20%","11,40%","11,20%","11,30%",,"1,50%","1,10%","0,50%","18,90%","2,40%",,"6,60%","100,10%","72,60%",https://cdn.atlasintel.org/54a6ea5c-8ef8-4bc6-9954-1d96f30f3478.pdf,Cuestionario estructurado web,"25,00%","80,00%","UNIVERSO: Población nacional adulta presente en el territorio durante las fechas de realización de la encuesta.
▪ MARCO MUESTRAL: Proyecciones a 2022 del Censo Nacional discriminado por municipios, sexo, edad y nivel socioeconómico. 
▪ TAMAÑO Y DISTRIBUCIÓN DE LA MUESTRA: Se realizaron 2.736 encuestas distribuidas en 390 municipios: Abejorral, Abrego, Acacías, Agrado, Aguachica, Aguadas, Aguazul, Agustín Codazzi, Albán, Albania, Alejandría, Alvarado, Amagá, Ambalema, Anapoima, Anolaima, Anorí, Anserma, Ansermanuevo, Apartadó, Apía, Aquitania, Aracataca, Arauca, Arbeláez, Arboleda, Arcabuco, Arenal, Argelia, Arjona, Armenia, Arroyohondo, Bahía Solano, Baranoa, Barbosa, Barrancabermeja, Barranco de Loba, Barranquilla, Bello, Beltrán, Betulia, Bogotá, D.C., Bojacá, Bolívar, Bosconia, Boyacá, Bucaramanga, Bucarasica, Buenaventura, Buenavista, Buesaco, Cachipay,  Caicedonia, Cajamarca, Cajibío, Cajicá, Calamar, Calarca, Caldas, Cali, Calima, Caloto(1)(3), Campo de La Cruz, Canalete, Cañasgordas, Candelaria, Caqueza, Carolina, Cartagena, Cartago, Castilla la Nueva, Caucasia, Cereté, Chaguaní, Chalán, Charalá, Chía, Chimichagua, Chinácota, Chinavita, Chinchiná, Chinú, Chiquinquirá, Chiriguaná, Chivatá, Choachí, Ciénaga, Ciénaga de Oro, Cimitarra, Circasia, Ciudad Bolívar, Cogua, Concordia,  Condoto, Contadero, Copacabana, Córdoba, Corinto, Corozal, Cota, Coveñas, Cubarral, Cúcuta, Cucutilla, Cumaral, Cumaribo, Curití, Dosquebradas, Duitama, El Banco, El Carmen, El Carmen de Bolívar, El Carmen de Viboral, El Cerrito, El Colegio, El Copey, El Doncello, El Dorado, El Paujil, El Piñon, El Retorno, El Tambo, El Tarra, Envigado, Espinal, Facatativá, Filadelfia, Filandia, Flandes, Florencia, Florida, Floridablanca, Fomeque, Fonseca, Fresno, Fundación, Funza, Fusagasugá, Gachancipá, Galapa, Galeras, Gameza, Garzón, Gigante, Girardot, Girardota, Girón, Granada, Guacarí, Guachené (1), Guachetá, Guadalajara de Buga, Guadalupe, Guaduas, Guamal, Guapi, Guarne, Guasca, Guatapé, Guateque, Guayabal de Siquima, Güepsa, Herveo, Hobo, Honda, Ibagué, Ipiales, Iquira, Isnos, Istmina, Itagui, Jamundí, Jericó, Juan de Acosta, Junín, La Apartada, La Belleza, La Calera, La Ceja, La Cruz, La Cumbre, La Dorada, La Estrella, La Gloria, La Jagua del Pilar, La Llanada, La Mesa, La Montañita, La Paz, La Plata, La Unión, La Vega, La Virginia, Landázuri, Lebríja, Lérida, Leticia, Líbano, Lorica, Los Palmitos, Los Patios, Madrid, Maicao, Málaga, Malambo, Manaure, Maní, Manizales, Manta, Manzanares, Mapiripán, Marinilla, Mariquita, Marquetalia, Medellín, Melgar, Mercaderes, Mesetas, Mompós, Mongua, Moniquirá, Montelíbano(1)(3), Montenegro, Montería, Monterrey, Mosquera, Nariño, Neira, Neiva, Nemocón, Nobsa, Nocaima, Ocaña, Orito, Otanche, Pachavita, Pacho, Paipa, Palmar de Varela, Palmira, Pamplona, Pamplonita, Pasca, Pasto, Pelaya, Pensilvania, Pereira, Piamonte, Piedecuesta, Piedras, Piojó, Pital, Pitalito, Pivijay, Planadas, Planeta Rica, Plato, Policarpa, Ponedera, Popayán, Potosí, Providencia, Puerto Berrío, Puerto Caicedo, Puerto Carreño, Puerto Colombia, Puerto Gaitán, Puerto Tejada, Pupiales, Purificación, Purísima, Quibdó, Ramiriquí, Restrepo, Retiro, Riofrío, Riohacha, Rionegro, Riosucio, Risaralda, Sabanagrande, Sabanalarga, Sabaneta, Sahagún, Salamina, Samacá, Sampués, San Agustín, San Andrés, San Andrés de Cuerquía, San Andres de Tumaco, San Andrés Sotavento (1) (3), San Antero, San Carlos, San Francisco, San Gil, San Jacinto, San Jerónimo, San José de Miranda, San Juan de Arama, San Juan de Betulia, San Juan del Cesar, San Juan Nepomuceno, San Juanito, San Luis, San Martín, San Martín de Loba, San Miguel de Sema, San Pedro, San Roque, San Sebastián de Buenavista, San Vicente, San Vicente de Chucurí, San Vicente del Caguán, Santa Ana, Santa María, Santa Marta, Santa Rosa, Santa Rosa de Cabal, Santa Rosa de Osos, Santa Rosa del Sur, Santafé de Antioquia, Santander de Quilichao, Saravena, Sardinata, Sibaté, Silvania, Silvia, Simacota, Simijaca, Simití, Sincelejo, Sipí, Soacha, Soatá, Socorro, Sogamoso, Soledad, Sonson, Soplaviento, Sopó, Sotara, Suaita, Suárez, Subachoque, Sucre, Susa, Susacón, Tame, Tauramena, Tena, Tenjo, Tenza, Tibaná, Tiquisio, Toca, Tocaima, Tocancipá, Toribio, Toro, Totoró, Tubará, Tuluá, Tunja, Túquerres, Turbaco, Turbaná, Turbo, Ubaque, Ulloa, Umbita, Une, Valledupar, Vélez, Venecia, Versalles, Villa de San Diego de Ubate, Villa del Rosario, Villamaría, Villanueva, Villavicencio, Villeta, Yalí, Yarumal, Yolombó, Yopal, Yumbo, Zapatoca, Zarzal, Zipaquirá
▪ SISTEMA DE MUESTREO: reclutamiento digital aleatorio con postestratificación muestral
▪ MARGEN DE ERROR: +/- 2% para el total de la muestra; +/- 3% para la consulta del Pacto Histórico; +/- 4% para la consulta del Equipo por Colombia; +/- 5% para la consulta de la Coalición Centro Esperanza 
▪ TÉCNICA DE RECOLECCIÓN DE DATOS: cuestionario estructurado web.
▪ FECHA DE RECOLECCIÓN DE LOS DATOS: del 10 al 12 de marzo de 2022.
▪ MÉTODO DE VALIDACIÓN: se revisó el 100% de las encuestas realizadas.
",2022.03.12_AtlasIntel,,,,Si